requirement_id,gap_id,stage,task_id,test_ids,evidence_placeholder,status
REQ-001,GAP-001,STAGE-1-BASELINE,TASK-1-001,TEST-001|TEST-002|TEST-003,EVD-PLANNED-001,DISCOVERY_REQUIRED
REQ-002,GAP-002,STAGE-1-BASELINE,TASK-1-002,TEST-004|TEST-005|TEST-006,EVD-PLANNED-002,WAITING_EXTERNAL
REQ-004,GAP-004,STAGE-2-FOUNDATION,TASK-2-001,TEST-007|TEST-008|TEST-009,EVD-PLANNED-004,DISCOVERY_REQUIRED
REQ-008,GAP-012,STAGE-3-CORE,TASK-3-001,TEST-010|TEST-011|TEST-012,EVD-PLANNED-005,PLANNED
REQ-009,GAP-006,STAGE-3-CORE,TASK-3-001,TEST-010|TEST-011|TEST-012,EVD-PLANNED-006,PLANNED
REQ-006,GAP-006,STAGE-4-QUALITY,TASK-4-001,TEST-013|TEST-014|TEST-015,EVD-PLANNED-007,PLANNED
REQ-003,GAP-003,STAGE-5-RELEASE,TASK-5-001,TEST-016|TEST-017|TEST-018,EVD-PLANNED-003,WAITING_EXTERNAL
REQ-005,GAP-005,STAGE-5-RELEASE,TASK-5-002,TEST-019|TEST-020|TEST-021,EVD-PLANNED-008,WAITING_EXTERNAL
REQ-007,GAP-007,STAGE-3-CORE,TASK-3-002,TEST-022|TEST-023|TEST-024,EVD-PLANNED-009,BLOCKED_EXTERNAL
